loss,grad_norm,learning_rate,epoch,step,eval_loss,eval_accuracy,eval_runtime,eval_samples_per_second,eval_steps_per_second,train_runtime,train_samples_per_second,train_steps_per_second,total_flos,train_loss
4.422350769042969,2.2708377838134766,2.6124781584719365e-05,0.3194888178913738,50,,,,,,,,,,
2.5155078125,1.7701677083969116,1.08761496413568e-05,0.6389776357827476,100,,,,,,,,,,
2.3495999145507813,2.1912271976470947,2.3765808532233147e-07,0.9584664536741214,150,,,,,,,,,,
,,,1.0,157,2.3412911891937256,0.2935,1.7988,1111.879,35.024,,,,,
,,,1.0,157,,,,,,26.0962,383.197,6.016,7.7560054161408e+17,3.0613310868573036
,,,1.0,157,2.3412911891937256,0.2935,1.7572,1138.205,35.853,,,,,
