loss,grad_norm,learning_rate,epoch,step,eval_loss,eval_accuracy,eval_runtime,eval_samples_per_second,eval_steps_per_second,train_runtime,train_samples_per_second,train_steps_per_second,total_flos,train_loss
4.363131103515625,2.108520984649658,2.6124781584719365e-05,0.3194888178913738,50,,,,,,,,,,
2.6458270263671877,1.7388583421707153,1.08761496413568e-05,0.6389776357827476,100,,,,,,,,,,
2.5159425354003906,2.0137507915496826,2.3765808532233147e-07,0.9584664536741214,150,,,,,,,,,,
,,,1.0,157,2.525160312652588,0.2245,1.7824,1122.083,35.346,,,,,
,,,1.0,157,,,,,,25.4229,393.346,6.176,7.7560054161408e+17,3.1462423725492634
,,,1.0,157,2.525160312652588,0.2245,1.7542,1140.12,35.914,,,,,
