loss,grad_norm,learning_rate,epoch,step,eval_loss,eval_accuracy,eval_runtime,eval_samples_per_second,eval_steps_per_second,train_runtime,train_samples_per_second,train_steps_per_second,total_flos,train_loss
3.0784536743164064,3.287722587585449,0.00043541302641198946,0.3184713375796178,50,,,,,,,,,,
2.7190707397460936,4.994071960449219,0.00018126916068927999,0.6369426751592356,100,,,,,,,,,,
2.603762512207031,3.6203932762145996,3.960968088705524e-06,0.9554140127388535,150,,,,,,,,,,
,,,1.0,157,2.4996423721313477,0.2215,1.8334,1090.861,34.362,,,,,
,,,1.0,157,,,,,,22.558,443.302,6.96,7.7560054161408e+17,2.7893086330146546
,,,1.0,157,2.4996423721313477,0.2215,1.7168,1164.992,36.697,,,,,
