loss,grad_norm,learning_rate,epoch,step,eval_loss,eval_accuracy,eval_runtime,eval_samples_per_second,eval_steps_per_second,train_runtime,train_samples_per_second,train_steps_per_second,total_flos,train_loss
4.479322814941407,2.3477742671966553,2.6124781584719365e-05,0.3194888178913738,50,,,,,,,,,,
2.5773272705078125,1.8612444400787354,1.08761496413568e-05,0.6389776357827476,100,,,,,,,,,,
2.43522216796875,2.1508212089538574,2.3765808532233147e-07,0.9584664536741214,150,,,,,,,,,,
,,,1.0,157,2.4570863246917725,0.2295,1.7358,1152.174,36.293,,,,,
,,,1.0,157,,,,,,25.4534,392.875,6.168,7.7560054161408e+17,3.133805463268499
,,,1.0,157,2.4570863246917725,0.2295,1.7267,1158.277,36.486,,,,,
