loss,grad_norm,learning_rate,epoch,step,eval_loss,eval_accuracy,eval_runtime,eval_samples_per_second,eval_steps_per_second,train_runtime,train_samples_per_second,train_steps_per_second,total_flos,train_loss
7.351978759765625,1.776394248008728,2.6124781584719365e-05,0.3194888178913738,50,,,,,,,,,,
2.9270596313476562,2.0027921199798584,1.08761496413568e-05,0.6389776357827476,100,,,,,,,,,,
2.7343844604492187,1.4219383001327515,2.3765808532233147e-07,0.9584664536741214,150,,,,,,,,,,
,,,1.0,157,2.737057685852051,0.1875,1.77,1129.922,35.593,,,,,
,,,1.0,157,,,,,,25.3029,395.212,6.205,7.7560054161408e+17,4.26407322002824
,,,1.0,157,2.737057685852051,0.1875,1.7459,1145.516,36.084,,,,,
