method,eval_set,accuracy,loss
simple_avg,first_step,0.668,2.4208078384399414
simple_avg,later_steps,0.49575,2.737032890319824
simple_avg,all_seen,0.5302,2.6737887859344482
rank_extension,first_step,0.0,7.331348419189453
rank_extension,later_steps,0.24225,5.184922218322754
rank_extension,all_seen,0.1938,5.6142072677612305
lorac_ipc,first_step,0.0,7.347883701324463
lorac_ipc,later_steps,0.244125,5.165751934051514
lorac_ipc,all_seen,0.1953,5.602180004119873
